<?xml version="1.0" encoding="UTF-8"?>
<project-private xmlns="http://www.netbeans.org/ns/project-private/1">
    <editor-bookmarks xmlns="http://www.netbeans.org/ns/editor-bookmarks/2" lastBookmarkId="0"/>
    <open-files xmlns="http://www.netbeans.org/ns/projectui-open-files/2">
        <group>
            <file>file:/F:/GoogleDrive/Programs/Java/HostelManagmentSystem/AcpProject/HostelManagementSystem/src/SerializeDeserialize/Serialize.java</file>
            <file>file:/F:/GoogleDrive/Programs/Java/HostelManagmentSystem/AcpProject/HostelManagementSystem/src/hostelmanagementsystem/messmenu.java</file>
            <file>file:/F:/GoogleDrive/Programs/Java/HostelManagmentSystem/AcpProject/HostelManagementSystem/src/Client/DataInterface.java</file>
            <file>file:/F:/GoogleDrive/Programs/Java/HostelManagmentSystem/AcpProject/HostelManagementSystem/src/hostelmanagementsystem/manageStudents.java</file>
            <file>file:/F:/GoogleDrive/Programs/Java/HostelManagmentSystem/AcpProject/HostelManagementSystem/src/database/DataBase.java</file>
            <file>file:/F:/GoogleDrive/Programs/Java/HostelManagmentSystem/AcpProject/HostelManagementSystem/src/server/DataTransfer.java</file>
            <file>file:/F:/GoogleDrive/Programs/Java/HostelManagmentSystem/AcpProject/HostelManagementSystem/src/Thread/Threads.java</file>
            <file>file:/F:/GoogleDrive/Programs/Java/HostelManagmentSystem/AcpProject/HostelManagementSystem/src/hostelmanagementsystem/students_data.java</file>
            <file>file:/F:/GoogleDrive/Programs/Java/HostelManagmentSystem/AcpProject/HostelManagementSystem/src/hostelmanagementsystem/Rules.java</file>
            <file>file:/F:/GoogleDrive/Programs/Java/HostelManagmentSystem/AcpProject/HostelManagementSystem/src/server/Driver.java</file>
            <file>file:/F:/GoogleDrive/Programs/Java/HostelManagmentSystem/AcpProject/HostelManagementSystem/src/Client/DataRecive.java</file>
            <file>file:/F:/GoogleDrive/Programs/Java/HostelManagmentSystem/AcpProject/HostelManagementSystem/src/hostelmanagementsystem/saveData.java</file>
            <file>file:/F:/GoogleDrive/Programs/Java/HostelManagmentSystem/AcpProject/HostelManagementSystem/src/hostelmanagementsystem/Admin.java</file>
            <file>file:/F:/GoogleDrive/Programs/Java/HostelManagmentSystem/AcpProject/HostelManagementSystem/src/hostelmanagementsystem/Student.java</file>
            <file>file:/F:/GoogleDrive/Programs/Java/HostelManagmentSystem/AcpProject/HostelManagementSystem/src/hostelmanagementsystem/mainScreen.java</file>
            <file>file:/F:/GoogleDrive/Programs/Java/HostelManagmentSystem/AcpProject/HostelManagementSystem/src/server/DataInterface.java</file>
            <file>file:/F:/GoogleDrive/Programs/Java/HostelManagmentSystem/AcpProject/HostelManagementSystem/src/hostelmanagementsystem/HostelManagementSystem.java</file>
        </group>
    </open-files>
</project-private>
